"Name";"FullName";"SID";"LastLogon"
"bellan";"";"S-1-5-21-3013585255-390772780-407208794-1009";
"danny";"danny";"S-1-5-21-3013585255-390772780-407208794-1003";"4.10.2025 22.54.37"
"DefaultAccount";"";"S-1-5-21-3013585255-390772780-407208794-503";
"gustbe";"";"S-1-5-21-3013585255-390772780-407208794-1010";
"hetaf";"Heta Fluuri";"S-1-5-21-3013585255-390772780-407208794-1001";
"J?rjestelm?nvalvoja";"";"S-1-5-21-3013585255-390772780-407208794-500";
"russja";"";"S-1-5-21-3013585255-390772780-407208794-1008";
"testik?ytt?j?";"";"S-1-5-21-3013585255-390772780-407208794-1004";
"Vieras";"";"S-1-5-21-3013585255-390772780-407208794-501";
"WDAGUtilityAccount";"";"S-1-5-21-3013585255-390772780-407208794-504";
